{
  "kruskal_wallis": {
    "H_statistic": 95.2085,
    "p_value": 5.397267987959278e-19,
    "significant": true,
    "interpretation": "H=95.21, p=5.40e-19 \u2014 Models differ significantly"
  },
  "pairwise_mann_whitney": {
    "alpha_bonferroni": 0.0033333333333333335,
    "n_pairs": 15,
    "pairs": {
      "allam-2-7b vs gpt-oss-120b": {
        "U": 11389.5,
        "p_value": 0.00931176737548985,
        "p_bonferroni": 0.13967651063234773,
        "significant": false,
        "effect_r": 0.156
      },
      "allam-2-7b vs llama-3.1-8b": {
        "U": 7437.0,
        "p_value": 0.0008039923206912576,
        "p_bonferroni": 0.012059884810368864,
        "significant": true,
        "effect_r": 0.201
      },
      "allam-2-7b vs llama-3.3-70b": {
        "U": 7206.0,
        "p_value": 0.0002139029037730656,
        "p_bonferroni": 0.003208543556595984,
        "significant": true,
        "effect_r": 0.222
      },
      "allam-2-7b vs llama-4-scout-17b": {
        "U": 5906.0,
        "p_value": 1.4409501777163924e-08,
        "p_bonferroni": 2.1614252665745885e-07,
        "significant": true,
        "effect_r": 0.34
      },
      "allam-2-7b vs qwen3-32b": {
        "U": 9954.5,
        "p_value": 0.6584177142326084,
        "p_bonferroni": 9.876265713489126,
        "significant": false,
        "effect_r": 0.0265
      },
      "gpt-oss-120b vs llama-3.1-8b": {
        "U": 5799.5,
        "p_value": 6.004341490356675e-09,
        "p_bonferroni": 9.006512235535012e-08,
        "significant": true,
        "effect_r": 0.3489
      },
      "gpt-oss-120b vs llama-3.3-70b": {
        "U": 5588.5,
        "p_value": 8.432703979317929e-10,
        "p_bonferroni": 1.2649055968976893e-08,
        "significant": true,
        "effect_r": 0.368
      },
      "gpt-oss-120b vs llama-4-scout-17b": {
        "U": 4407.5,
        "p_value": 2.553877926262679e-15,
        "p_bonferroni": 3.8308168893940186e-14,
        "significant": true,
        "effect_r": 0.4742
      },
      "gpt-oss-120b vs qwen3-32b": {
        "U": 8189.5,
        "p_value": 0.02703528927676426,
        "p_bonferroni": 0.40552933915146394,
        "significant": false,
        "effect_r": 0.1326
      },
      "llama-3.1-8b vs llama-3.3-70b": {
        "U": 9648.5,
        "p_value": 0.9861068309221902,
        "p_bonferroni": 14.791602463832852,
        "significant": false,
        "effect_r": 0.001
      },
      "llama-3.1-8b vs llama-4-scout-17b": {
        "U": 8279.0,
        "p_value": 0.03562547027367895,
        "p_bonferroni": 0.5343820541051842,
        "significant": false,
        "effect_r": 0.126
      },
      "llama-3.1-8b vs qwen3-32b": {
        "U": 12269.5,
        "p_value": 8.531208551589111e-05,
        "p_bonferroni": 0.0012796812827383665,
        "significant": true,
        "effect_r": 0.2356
      },
      "llama-3.3-70b vs llama-4-scout-17b": {
        "U": 8211.0,
        "p_value": 0.0279227476014633,
        "p_bonferroni": 0.4188412140219495,
        "significant": false,
        "effect_r": 0.1318
      },
      "llama-3.3-70b vs qwen3-32b": {
        "U": 12545.5,
        "p_value": 1.3675271465148399e-05,
        "p_bonferroni": 0.00020512907197722599,
        "significant": true,
        "effect_r": 0.2608
      },
      "llama-4-scout-17b vs qwen3-32b": {
        "U": 13807.5,
        "p_value": 4.012019936678496e-10,
        "p_bonferroni": 6.018029905017744e-09,
        "significant": true,
        "effect_r": 0.3751
      }
    }
  },
  "spearman_correlations": {
    "allam-2-7b": {
      "compliance vs transparency": {
        "rho": -0.5207,
        "p": 0.010846096668583336
      },
      "compliance vs accountability": {
        "rho": 0.2149,
        "p": 0.29186072007286235
      },
      "compliance vs safety": {
        "rho": -0.0822,
        "p": 0.689862504096355
      },
      "compliance vs reliability": {
        "rho": -0.3422,
        "p": 0.1016960223807396
      },
      "transparency vs accountability": {
        "rho": -0.5883,
        "p": 0.0031522842937646563
      },
      "transparency vs safety": {
        "rho": 0.1318,
        "p": 0.5490145528430026
      },
      "transparency vs reliability": {
        "rho": -0.1083,
        "p": 0.6228613183178716
      },
      "accountability vs safety": {
        "rho": -0.2912,
        "p": 0.14890783146224693
      },
      "accountability vs reliability": {
        "rho": 0.2804,
        "p": 0.18441859471231095
      },
      "safety vs reliability": {
        "rho": -0.2697,
        "p": 0.2024419800557448
      }
    },
    "gpt-oss-120b": {
      "compliance vs transparency": {
        "rho": 0.0186,
        "p": 0.9328513022690822
      },
      "compliance vs accountability": {
        "rho": -0.0131,
        "p": 0.9493174066619471
      },
      "compliance vs safety": {
        "rho": -0.2846,
        "p": 0.15886402027088217
      },
      "compliance vs reliability": {
        "rho": -0.1701,
        "p": 0.426895865126745
      },
      "transparency vs accountability": {
        "rho": 0.008,
        "p": 0.9711751519114057
      },
      "transparency vs safety": {
        "rho": 0.0132,
        "p": 0.9522633423663605
      },
      "transparency vs reliability": {
        "rho": -0.1182,
        "p": 0.5911001178080029
      },
      "accountability vs safety": {
        "rho": -0.0817,
        "p": 0.6915233290905703
      },
      "accountability vs reliability": {
        "rho": 0.1668,
        "p": 0.4360386780884024
      },
      "safety vs reliability": {
        "rho": -0.2721,
        "p": 0.19830131772666337
      }
    },
    "llama-3.1-8b": {
      "compliance vs transparency": {
        "rho": -0.0184,
        "p": 0.9337068469148856
      },
      "compliance vs accountability": {
        "rho": -0.1245,
        "p": 0.5444095775263044
      },
      "compliance vs safety": {
        "rho": 0.0805,
        "p": 0.6957402776488685
      },
      "compliance vs reliability": {
        "rho": 0.0862,
        "p": 0.688917367264794
      },
      "transparency vs accountability": {
        "rho": -0.23,
        "p": 0.2910812741820946
      },
      "transparency vs safety": {
        "rho": 0.4111,
        "p": 0.051305223677500664
      },
      "transparency vs reliability": {
        "rho": 0.1943,
        "p": 0.37433737600473443
      },
      "accountability vs safety": {
        "rho": -0.0883,
        "p": 0.6679940421943139
      },
      "accountability vs reliability": {
        "rho": -0.0957,
        "p": 0.6565900589625192
      },
      "safety vs reliability": {
        "rho": 0.4465,
        "p": 0.0287472587129859
      }
    },
    "llama-3.3-70b": {
      "compliance vs transparency": {
        "rho": -0.2923,
        "p": 0.17596902261550657
      },
      "compliance vs accountability": {
        "rho": -0.0811,
        "p": 0.693703312398302
      },
      "compliance vs safety": {
        "rho": -0.1488,
        "p": 0.468187865958439
      },
      "compliance vs reliability": {
        "rho": -0.0982,
        "p": 0.6479883485554718
      },
      "transparency vs accountability": {
        "rho": 0.0806,
        "p": 0.7145796594429071
      },
      "transparency vs safety": {
        "rho": 0.3882,
        "p": 0.06717843466221918
      },
      "transparency vs reliability": {
        "rho": -0.0477,
        "p": 0.8289582898992998
      },
      "accountability vs safety": {
        "rho": 0.1281,
        "p": 0.5328814787958419
      },
      "accountability vs reliability": {
        "rho": -0.1436,
        "p": 0.5030784800820807
      },
      "safety vs reliability": {
        "rho": -0.1885,
        "p": 0.37765121600760754
      }
    },
    "llama-4-scout-17b": {
      "compliance vs transparency": {
        "rho": 0.2297,
        "p": 0.29179611987679654
      },
      "compliance vs accountability": {
        "rho": -0.1578,
        "p": 0.44139151685851485
      },